{
	"@class": "FloatingNote",
	"$id": "floating_note/floating_note.schema.json",
	"color": "yellow",
	"text": {
		"string": "15854 outliers removed\rROUT (Q = 1%)\r\r",
		"version": 1,
		"formatting": [
			{
				"range": "0~37",
				"attributes": {
					"fontSize": 10.0
				}
			}
		]
	},
	"position": "-1;-1",
	"positionCollapsed": "0;0",
	"size": {
		"width": 237.0,
		"height": 139.0
	},
	"screenWidth": {
		"width": 2560.0,
		"height": 1440.0
	},
	"screenDPI": 144,
	"isAuto": true,
	"isCollapsed": false,
	"isReadOnly": true,
	"uid": "08785E1E-2F47-4620-9B98-59D8AA0A7362",
	"fenID": 8
}