{
	"@class": "AnalysisParameters",
	"$id": "analyses/one_way_anova/parameters.schema.json",
	"version": "0.0.0",
	"content": {
		"experimentalDesign": "BROWN_FORSYTHE_ANOVA",
		"calc": {
			"modelComparisonAIC": false
		},
		"repeatedMeasures": {
			"method": "OPTIONAL",
			"assumeSphericity": false,
			"removeNonPositiveRandomEffects": true,
			"useInitialValuesFromGLM": true
		},
		"postTests": {
			"type": "PAIRWISE_TESTS",
			"pairwiseTests": {
				"pairwiseDesign": {
					"type": "SELECTED_VS_SELECTED",
					"controlID": {
						"col": {
							"idx": 0,
							"title": "Blue Light (Forward)",
							"uid": "7FB5898D-BB12-41A8-A09B-1D5EC7C992EA"
						}
					},
					"selectedPairIDList": [
						[
							{
								"col": {
									"idx": 6,
									"title": "White Light (Forward)",
									"uid": "AB8BAF8F-53FB-4E52-8CAB-D32C884329E7"
								}
							},
							{
								"col": {
									"idx": 2,
									"title": "Radio Waves (Forward)",
									"uid": "D76BA300-24BB-489A-92CE-4AB154A59773"
								}
							}
						]
					]
				},
				"multipleComparisons": {
					"type": "STATISTICAL",
					"statistical": {
						"test": "DUNNET_T3",
						"report": {
							"adjustedPValues": true
						},
						"options": {
							"significanceLevel": 0.05
						}
					},
					"fdr": {
						"test": "BENJAMINI_KRIEGER_YEKUTIELI",
						"options": {
							"discoveryLevel": 0.05
						}
					},
					"noCorrection": {
						"options": {
							"significanceLevel": 0.05
						}
					}
				},
				"graph": {
					"differences": false,
					"confidenceIntervals": false
				},
				"options": {
					"swapDirection": false
				}
			}
		},
		"residuals": {
			"diagnostics": {
				"normalityTests": false,
				"heteroscedasticityTests": true
			},
			"graphs": {
				"residualsPlot": false,
				"homoscedasticityPlot": false,
				"qqPlot": false,
				"heatMapPlot": false
			}
		},
		"report": {
			"descriptiveStatistics": false,
			"goodnessOfFit": false
		},
		"graph": {
			"ranks": false
		},
		"output": {
			"significantDigitCount": 4,
			"pValueStyle": {
				"type": "P_VALUE_STYLE_GP",
				"decimalDigitCount": 6
			}
		}
	}
}