{
	"@class": "AnalysisResults",
	"$id": "analyses/one_way_anova/results.schema.json",
	"version": "0.0.0",
	"content": {
		"status": {
			"error": "VALID",
			"warning": []
		},
		"brownForsytheAnovaModel": {
			"status": "VALID",
			"anovaBrownForsytheTest": {
				"status": "VALID",
				"F": 4120.609309699984,
				"dfNumerator": 7.0,
				"dfDenominator": 88443.75482536758,
				"pValue": {
					"value": 0.0,
					"level": 0.05,
					"isSignificant": true,
					"state": "P_VALUE_EQUAL"
				}
			},
			"anovaWelchTest": {
				"status": "VALID",
				"W": 2127.2957569298155,
				"dfNumerator": 7.0,
				"dfDenominator": 43184.82840220747,
				"pValue": {
					"value": 0.0,
					"level": 0.05,
					"isSignificant": true,
					"state": "P_VALUE_EQUAL"
				}
			},
			"multipleComparisons": {
				"status": "VALID",
				"method": "Dunnett T3",
				"comparisonCount": 1,
				"significantCount": 0,
				"tests": {
					"d8655c30-1bc9-5f7a-8d7a-949e09e134b6": {
						"id": {
							"col": {
								"uid": "AB8BAF8F-53FB-4E52-8CAB-D32C884329E7",
								"title": "White Light (Forward)",
								"idx": 6
							}
						},
						"value": {
							"88bf1640-ed01-5674-8d51-3b561727b15d": {
								"id": {
									"col": {
										"uid": "D76BA300-24BB-489A-92CE-4AB154A59773",
										"title": "Radio Waves (Forward)",
										"idx": 2
									}
								},
								"value": {
									"status": "VALID",
									"meansDifference": -17.95331604839133,
									"meansDifferenceSE": 0.6413927935866403,
									"meansDifferenceCI": {
										"lower": "undefined",
										"upper": "undefined",
										"level": 95.0
									},
									"statistic": 27.991140885754543,
									"df": 41957.614700604536,
									"pValueAdjusted": {
										"value": 1.0,
										"level": 0.05,
										"isSignificant": false,
										"state": "P_VALUE_EQUAL"
									},
									"sample1": {
										"id": {
											"col": {
												"uid": "AB8BAF8F-53FB-4E52-8CAB-D32C884329E7",
												"title": "White Light (Forward)",
												"idx": 6
											}
										},
										"value": {
											"mean": 73.78987358247048,
											"n": 25659
										}
									},
									"sample2": {
										"id": {
											"col": {
												"uid": "D76BA300-24BB-489A-92CE-4AB154A59773",
												"title": "Radio Waves (Forward)",
												"idx": 2
											}
										},
										"value": {
											"mean": 91.7431896308618,
											"n": 23677
										}
									}
								}
							}
						}
					}
				}
			},
			"dataSummary": {
				"levelCount": 8,
				"pointCount": 141906
			}
		},
		"descriptiveStatistics": {
			"38dbe555-cde2-5e75-a058-900b607a9395": {
				"id": {
					"col": {
						"uid": "7FB5898D-BB12-41A8-A09B-1D5EC7C992EA",
						"title": "Blue Light (Forward)",
						"idx": 0
					}
				},
				"value": {
					"n": 26465,
					"mean": 153.15112657539973,
					"sd": 140.3432245628253,
					"meanSE": 0.8626914654413298,
					"meanCI": {
						"lower": 151.46020503698207,
						"upper": 154.84204811381738,
						"level": 95.0
					},
					"minimum": 0.0169471,
					"firstQuartile": 34.523173,
					"median": 104.1242,
					"thirdQuartile": 247.18614,
					"maximum": 512.3054
				}
			},
			"130098fe-d09f-51f0-b220-87a00cdcdb54": {
				"id": {
					"col": {
						"uid": "6A9D8CF9-E936-496F-BE83-565AC7708613",
						"title": "Blue Light (Reverse)",
						"idx": 1
					}
				},
				"value": {
					"n": 12485,
					"mean": 52.329004133534,
					"sd": 48.60053287078883,
					"meanSE": 0.4349574337667962,
					"meanCI": {
						"lower": 51.476420567910324,
						"upper": 53.181587699157674,
						"level": 95.0
					},
					"minimum": 0.03227514,
					"firstQuartile": 14.61435,
					"median": 35.791897,
					"thirdQuartile": 75.222207,
					"maximum": 200.06151
				}
			},
			"88bf1640-ed01-5674-8d51-3b561727b15d": {
				"id": {
					"col": {
						"uid": "D76BA300-24BB-489A-92CE-4AB154A59773",
						"title": "Radio Waves (Forward)",
						"idx": 2
					}
				},
				"value": {
					"n": 23677,
					"mean": 91.7431896308618,
					"sd": 81.94446364671343,
					"meanSE": 0.5325449612551291,
					"meanCI": {
						"lower": 90.69936732440894,
						"upper": 92.78701193731467,
						"level": 95.0
					},
					"minimum": 0.122637585,
					"firstQuartile": 26.1684235,
					"median": 64.91773,
					"thirdQuartile": 137.61849,
					"maximum": 323.09775
				}
			},
			"3d545928-dc1c-5119-ae4b-08ee469288e3": {
				"id": {
					"col": {
						"uid": "9EF24FB2-3C7D-4EA9-ABCD-E04B76BF0ED2",
						"title": "Radio Waves (Reverse)",
						"idx": 3
					}
				},
				"value": {
					"n": 14516,
					"mean": 53.933695996943854,
					"sd": 49.08605672183309,
					"meanSE": 0.4074127959595627,
					"meanCI": {
						"lower": 53.135114998713114,
						"upper": 54.732276995174594,
						"level": 95.0
					},
					"minimum": 0.011330327,
					"firstQuartile": 15.778923625000001,
					"median": 37.3616875,
					"thirdQuartile": 78.00629,
					"maximum": 199.65648
				}
			},
			"20602e16-9e78-5f66-a894-27a0e7b6a912": {
				"id": {
					"col": {
						"uid": "E4CA235E-3E39-4B09-B3DA-D60453CE9C2B",
						"title": "Red Light (Forward)",
						"idx": 4
					}
				},
				"value": {
					"n": 9565,
					"mean": 83.96167898591426,
					"sd": 68.97266723957345,
					"meanSE": 0.7052360977683269,
					"meanCI": {
						"lower": 82.57926668393708,
						"upper": 85.34409128789144,
						"level": 95.0
					},
					"minimum": 0.04960248,
					"firstQuartile": 27.9452915,
					"median": 64.03064,
					"thirdQuartile": 125.696902,
					"maximum": 274.73755
				}
			},
			"381c1ea9-57ba-5872-aa82-1e3ff1018425": {
				"id": {
					"col": {
						"uid": "D8922C64-EE96-4244-ABE6-92616707233A",
						"title": "Red Light (Reverse)",
						"idx": 5
					}
				},
				"value": {
					"n": 5495,
					"mean": 71.69313023337307,
					"sd": 69.03968600839733,
					"meanSE": 0.9313543753832929,
					"meanCI": {
						"lower": 69.86730696129055,
						"upper": 73.51895350545558,
						"level": 95.0
					},
					"minimum": 0.049620725,
					"firstQuartile": 18.091148,
					"median": 43.304714,
					"thirdQuartile": 110.11662,
					"maximum": 265.25558
				}
			},
			"d8655c30-1bc9-5f7a-8d7a-949e09e134b6": {
				"id": {
					"col": {
						"uid": "AB8BAF8F-53FB-4E52-8CAB-D32C884329E7",
						"title": "White Light (Forward)",
						"idx": 6
					}
				},
				"value": {
					"n": 25659,
					"mean": 73.78987358247048,
					"sd": 57.26012486735137,
					"meanSE": 0.3574640959685988,
					"meanCI": {
						"lower": 73.08922377688461,
						"upper": 74.49052338805635,
						"level": 95.0
					},
					"minimum": 0.2368529,
					"firstQuartile": 27.492765,
					"median": 58.160915,
					"thirdQuartile": 107.380585,
					"maximum": 239.36423
				}
			},
			"f994f56a-1246-5c63-818f-c9c3a3864a4a": {
				"id": {
					"col": {
						"uid": "6D3D8D5C-691E-4AF1-92D8-07665EA6B400",
						"title": "White Light (Reverse)",
						"idx": 7
					}
				},
				"value": {
					"n": 24044,
					"mean": 64.78258049741973,
					"sd": 53.61870079706672,
					"meanSE": 0.34579039600449735,
					"meanCI": {
						"lower": 64.10480965496856,
						"upper": 65.4603513398709,
						"level": 95.0
					},
					"minimum": 0.264677,
					"firstQuartile": 22.737032499999998,
					"median": 47.645952,
					"thirdQuartile": 93.24728625,
					"maximum": 217.81966
				}
			}
		}
	}
}