{
	"@class": "AnalysisSheet",
	"uid": "23AAE4AF-B61E-4F59-8352-D9749EFBEE34",
	"fenID": 7,
	"title": "Brown-Forsythe and Welch ANOVA tests of Cleaned_ROUT1%",
	"$id": "analyses/sheet.schema.json",
	"analysisClass": "ONE_WAY_ANOVA",
	"isAllDataAnalyzed": true,
	"isCalculated": true,
	"currentResultSheet": "16BECB03-E453-4BA6-B647-7A793114816C",
	"preferredResultSheet": "44BB703B-28D8-475D-94A6-903FD486BB39",
	"pairwiseComparisonsDataUid": "4B029C4E-2228-48B2-8760-D4B490D6C650",
	"minRequiredVersion": {
		"major": 8,
		"minor": 0,
		"subminor": 0,
		"build": 0
	},
	"resultSheets": [
		{
			"uid": "44BB703B-28D8-475D-94A6-903FD486BB39",
			"title": "ANOVA results"
		},
		{
			"uid": "16BECB03-E453-4BA6-B647-7A793114816C",
			"title": "Multiple comparisons"
		}
	],
	"inputDataSets": [
		{
			"uid": "7FB5898D-BB12-41A8-A09B-1D5EC7C992EA",
			"title": "Blue Light (Forward)",
			"idx": "A"
		},
		{
			"uid": "6A9D8CF9-E936-496F-BE83-565AC7708613",
			"title": "Blue Light (Reverse)",
			"idx": "B"
		},
		{
			"uid": "D76BA300-24BB-489A-92CE-4AB154A59773",
			"title": "Radio Waves (Forward)",
			"idx": "C"
		},
		{
			"uid": "9EF24FB2-3C7D-4EA9-ABCD-E04B76BF0ED2",
			"title": "Radio Waves (Reverse)",
			"idx": "D"
		},
		{
			"uid": "E4CA235E-3E39-4B09-B3DA-D60453CE9C2B",
			"title": "Red Light (Forward)",
			"idx": "E"
		},
		{
			"uid": "D8922C64-EE96-4244-ABE6-92616707233A",
			"title": "Red Light (Reverse)",
			"idx": "F"
		},
		{
			"uid": "AB8BAF8F-53FB-4E52-8CAB-D32C884329E7",
			"title": "White Light (Forward)",
			"idx": "G"
		},
		{
			"uid": "6D3D8D5C-691E-4AF1-92D8-07665EA6B400",
			"title": "White Light (Reverse)",
			"idx": "H"
		}
	],
	"inputSheets": [
		{
			"uid": "62CB6F8E-F64D-46EC-9245-96EE1EC3CA00",
			"title": "Cleaned_ROUT1%"
		}
	]
}