{
	"@class": "DataSheet",
	"$id": "sheets/data_sheet/data_sheet.schema.json",
	"uid": "4A258CD9-710A-48BF-A5D9-D5ACAB4133F3",
	"fenID": 9,
	"title": "Identify outliers of Greater 500 removed:Cleaned data",
	"isCollapsed": true,
	"table": {
		"@class": "DataTable",
		"$id": "sheets/data_sheet/data_table/data_table.schema.json",
		"uid": "34CC39C6-9D4E-42BF-9BD4-281F99D2054D",
		"format": "view",
		"dataFormat": "y_single",
		"rowTitlesDataSet": "1C828CEB-F7C5-4262-9F6D-035EF268FF0C",
		"dataSets": [
			"E3347405-99D8-438E-9509-86B6966F76C1",
			"7AECC633-9C85-40C3-AF0B-6D4A81CA58FA",
			"3D95B02C-2461-4BBD-A419-864B6A077D3A",
			"5989BEC3-741E-4637-803F-1CE7C9DDB741",
			"2D6F2E56-2412-458E-8C46-5D3EC9CA9765",
			"A5D65CF4-7E1B-49AA-B7B4-96C0EA616BAF",
			"971D92C0-1B33-45F2-A4A6-0F83BC1828B9",
			"074262F2-39C2-488A-A20C-E28B4524889D"
		]
	},
	"font": {
		"family": "Arial",
		"size": 10.0
	},
	"flags": [
		"ANALYSIS_VIEW"
	],
	"titleWidth": 48,
	"xSubColWidth": 48,
	"maxDataSets": 2048,
	"maxRow": 500000,
	"selectionRange": {
		"startCell": {
			"row": -3,
			"column": -3,
			"subcolumn": -1
		},
		"endCell": {
			"row": 500000,
			"column": 2048,
			"subcolumn": -1
		}
	},
	"anchorRow": 0,
	"anchorColumn": 0,
	"firstSubColumn": 0,
	"columnWidths": [
		{
			"number": 0,
			"width": 184.0
		},
		{
			"number": 1,
			"width": 183.0
		},
		{
			"number": 2,
			"width": 214.0
		},
		{
			"number": 3,
			"width": 213.0
		},
		{
			"number": 4,
			"width": 182.0
		},
		{
			"number": 5,
			"width": 181.0
		},
		{
			"number": 6,
			"width": 196.0
		},
		{
			"number": 7,
			"width": 195.0
		}
	],
	"rowTitlesWidth": 125,
	"subColumnTitleType": "default"
}