{
	"@class": "AnalysisParameters",
	"$id": "analyses/descriptive_statistics/parameters.schema.json",
	"version": "0.0.0",
	"content": {
		"data": {
			"handleReplicatesAs": "AVERAGE"
		},
		"calc": {
			"sum": true,
			"mean": true,
			"meanCI": true,
			"coefficientOfVariation": true,
			"skewnessAndKurtosis": true,
			"minMaxRange": true,
			"median": true,
			"medianCI": true,
			"percentiles": true,
			"geometricMean": true,
			"geometricMeanCI": true,
			"harmonicMean": true,
			"harmonicMeanCI": true,
			"quadraticMean": true,
			"quadraticMeanCI": true
		},
		"options": {
			"confidenceLevel": 95.0,
			"percentileLevel": 90.0
		},
		"output": {
			"significantDigitCount": 4,
			"pValueStyle": {
				"type": "P_VALUE_STYLE_GP",
				"decimalDigitCount": 6
			}
		}
	}
}