{
	"@class": "AnalysisResults",
	"$id": "analyses/descriptive_statistics/results.schema.json",
	"version": "0.0.0",
	"content": {
		"status": {
			"error": "VALID",
			"warning": []
		},
		"samples": {
			"38dbe555-cde2-5e75-a058-900b607a9395": {
				"id": {
					"col": {
						"uid": "7FB5898D-BB12-41A8-A09B-1D5EC7C992EA",
						"title": "Blue Light (Forward)",
						"idx": 0
					}
				},
				"value": {
					"n": 26465,
					"sum": 4053144.564817954,
					"mean": 153.15112657539973,
					"sd": 140.3432245628253,
					"meanSE": 0.8626914654413298,
					"meanCI": {
						"lower": 151.46020503698207,
						"upper": 154.84204811381738,
						"level": 95.0
					},
					"coeffOfVariation": 91.63708273065245,
					"skewness": 0.8632425304923544,
					"kurtosis": -0.4072016714065323,
					"qcLines": {
						"meanMinus3SD": -267.87854711307614,
						"meanMinus2SD": -127.53532255025087,
						"meanMinus1SD": 12.80790201257443,
						"meanPlus1SD": 293.49435113822506,
						"meanPlus2SD": 433.83757570105035,
						"meanPlus3SD": 574.1808002638757
					},
					"minimum": 0.0169471,
					"firstQuartile": 34.523173,
					"median": 104.1242,
					"medianCI": {
						"lower": 101.26094,
						"upper": 106.86507,
						"level": 95.0
					},
					"thirdQuartile": 247.18614,
					"maximum": 512.3054,
					"percentiles": {
						"lower": 12.05867109999999,
						"upper": 379.94074800000004,
						"level": 90.0
					},
					"iqr": {
						"iqr": 212.66296699999998,
						"q1MinusIQR": -284.4712775,
						"q3PlusIQR": 566.1805905
					},
					"range": 512.2884528999999,
					"geometricMean": 81.71161137258107,
					"geometricSD": 3.805187927823558,
					"geometricMeanCI": {
						"lower": 80.40649461873966,
						"upper": 83.03791210850298,
						"level": 95.0
					},
					"harmonicMean": 23.80741340072694,
					"harmonicMeanCI": {
						"lower": 21.33957255938034,
						"upper": 26.92068927784172,
						"level": 95.0
					},
					"quadraticMean": 207.72757163034746,
					"quadraticMeanCI": {
						"lower": 205.90210028913785,
						"upper": 209.53714021004504,
						"level": 95.0
					}
				}
			},
			"130098fe-d09f-51f0-b220-87a00cdcdb54": {
				"id": {
					"col": {
						"uid": "6A9D8CF9-E936-496F-BE83-565AC7708613",
						"title": "Blue Light (Reverse)",
						"idx": 1
					}
				},
				"value": {
					"n": 12485,
					"sum": 653327.616607172,
					"mean": 52.329004133534,
					"sd": 48.60053287078883,
					"meanSE": 0.4349574337667962,
					"meanCI": {
						"lower": 51.476420567910324,
						"upper": 53.181587699157674,
						"level": 95.0
					},
					"coeffOfVariation": 92.87494320887363,
					"skewness": 1.2200558522127074,
					"kurtosis": 0.6390817319151787,
					"qcLines": {
						"meanMinus3SD": -93.47259447883249,
						"meanMinus2SD": -44.872061608043666,
						"meanMinus1SD": 3.728471262745167,
						"meanPlus1SD": 100.92953700432284,
						"meanPlus2SD": 149.53006987511168,
						"meanPlus3SD": 198.1306027459005
					},
					"minimum": 0.03227514,
					"firstQuartile": 14.61435,
					"median": 35.791897,
					"medianCI": {
						"lower": 34.895634,
						"upper": 36.61303,
						"level": 95.0
					},
					"thirdQuartile": 75.222207,
					"maximum": 200.06151,
					"percentiles": {
						"lower": 6.393295999999999,
						"upper": 131.48017599999997,
						"level": 90.0
					},
					"iqr": {
						"iqr": 60.607856999999996,
						"q1MinusIQR": -76.29743549999999,
						"q3PlusIQR": 166.13399249999998
					},
					"range": 200.02923486,
					"geometricMean": 31.088714300397058,
					"geometricSD": 3.172921713559577,
					"geometricMeanCI": {
						"lower": 30.46532539351669,
						"upper": 31.724859142892814,
						"level": 95.0
					},
					"harmonicMean": 12.72576987000911,
					"harmonicMeanCI": {
						"lower": 11.645072194592657,
						"upper": 14.02757054845344,
						"level": 95.0
					},
					"quadraticMean": 71.41531545097908,
					"quadraticMeanCI": {
						"lower": 70.38094854726971,
						"upper": 72.43491315320449,
						"level": 95.0
					}
				}
			},
			"88bf1640-ed01-5674-8d51-3b561727b15d": {
				"id": {
					"col": {
						"uid": "D76BA300-24BB-489A-92CE-4AB154A59773",
						"title": "Radio Waves (Forward)",
						"idx": 2
					}
				},
				"value": {
					"n": 23677,
					"sum": 2172203.500889915,
					"mean": 91.7431896308618,
					"sd": 81.94446364671343,
					"meanSE": 0.5325449612551291,
					"meanCI": {
						"lower": 90.69936732440894,
						"upper": 92.78701193731467,
						"level": 95.0
					},
					"coeffOfVariation": 89.31939686904875,
					"skewness": 1.028786197673333,
					"kurtosis": 0.10762456736185877,
					"qcLines": {
						"meanMinus3SD": -154.09020130927848,
						"meanMinus2SD": -72.14573766256505,
						"meanMinus1SD": 9.798725984148376,
						"meanPlus1SD": 173.68765327757524,
						"meanPlus2SD": 255.63211692428865,
						"meanPlus3SD": 337.5765805710021
					},
					"minimum": 0.122637585,
					"firstQuartile": 26.1684235,
					"median": 64.91773,
					"medianCI": {
						"lower": 63.62705,
						"upper": 66.05629,
						"level": 95.0
					},
					"thirdQuartile": 137.61849,
					"maximum": 323.09775,
					"percentiles": {
						"lower": 9.889714999999999,
						"upper": 224.24044,
						"level": 90.0
					},
					"iqr": {
						"iqr": 111.4500665,
						"q1MinusIQR": -141.00667625000003,
						"q3PlusIQR": 304.79358975
					},
					"range": 322.975112415,
					"geometricMean": 53.66800476858819,
					"geometricSD": 3.3486631479965427,
					"geometricMeanCI": {
						"lower": 52.84812080099328,
						"upper": 54.5006083884646,
						"level": 95.0
					},
					"harmonicMean": 20.435286148015276,
					"harmonicMeanCI": {
						"lower": 19.69389998486824,
						"upper": 21.23467553417286,
						"level": 95.0
					},
					"quadraticMean": 123.00985473471638,
					"quadraticMeanCI": {
						"lower": 121.81337902186962,
						"upper": 124.19480429948102,
						"level": 95.0
					}
				}
			},
			"3d545928-dc1c-5119-ae4b-08ee469288e3": {
				"id": {
					"col": {
						"uid": "9EF24FB2-3C7D-4EA9-ABCD-E04B76BF0ED2",
						"title": "Radio Waves (Reverse)",
						"idx": 3
					}
				},
				"value": {
					"n": 14516,
					"sum": 782901.531091637,
					"mean": 53.933695996943854,
					"sd": 49.08605672183309,
					"meanSE": 0.4074127959595627,
					"meanCI": {
						"lower": 53.135114998713114,
						"upper": 54.732276995174594,
						"level": 95.0
					},
					"coeffOfVariation": 91.01185411920324,
					"skewness": 1.1594588456522281,
					"kurtosis": 0.4827841769503811,
					"qcLines": {
						"meanMinus3SD": -93.32447416855543,
						"meanMinus2SD": -44.23841744672232,
						"meanMinus1SD": 4.847639275110765,
						"meanPlus1SD": 103.01975271877694,
						"meanPlus2SD": 152.10580944061002,
						"meanPlus3SD": 201.19186616244315
					},
					"minimum": 0.011330327,
					"firstQuartile": 15.778923625000001,
					"median": 37.3616875,
					"medianCI": {
						"lower": 36.515656,
						"upper": 38.278774,
						"level": 95.0
					},
					"thirdQuartile": 78.00629,
					"maximum": 199.65648,
					"percentiles": {
						"lower": 6.323665829999999,
						"upper": 133.52661800000007,
						"level": 90.0
					},
					"iqr": {
						"iqr": 62.227366375,
						"q1MinusIQR": -77.5621259375,
						"q3PlusIQR": 171.3473395625
					},
					"range": 199.645149673,
					"geometricMean": 32.05451415750457,
					"geometricSD": 3.225141196925797,
					"geometricMeanCI": {
						"lower": 31.449635767279453,
						"upper": 32.67102631893355,
						"level": 95.0
					},
					"harmonicMean": 12.251854953764996,
					"harmonicMeanCI": {
						"lower": 10.638741207152572,
						"upper": 14.441579239841062,
						"level": 95.0
					},
					"quadraticMean": 72.92543138853175,
					"quadraticMeanCI": {
						"lower": 71.97255775615714,
						"upper": 73.8660139471701,
						"level": 95.0
					}
				}
			},
			"20602e16-9e78-5f66-a894-27a0e7b6a912": {
				"id": {
					"col": {
						"uid": "E4CA235E-3E39-4B09-B3DA-D60453CE9C2B",
						"title": "Red Light (Forward)",
						"idx": 4
					}
				},
				"value": {
					"n": 9565,
					"sum": 803093.45950027,
					"mean": 83.96167898591426,
					"sd": 68.97266723957345,
					"meanSE": 0.7052360977683269,
					"meanCI": {
						"lower": 82.57926668393708,
						"upper": 85.34409128789144,
						"level": 95.0
					},
					"coeffOfVariation": 82.14779417541732,
					"skewness": 0.9021963465020132,
					"kurtosis": -0.12091076764744635,
					"qcLines": {
						"meanMinus3SD": -122.95632273280609,
						"meanMinus2SD": -53.983655493232646,
						"meanMinus1SD": 14.989011746340807,
						"meanPlus1SD": 152.93434622548773,
						"meanPlus2SD": 221.90701346506117,
						"meanPlus3SD": 290.8796807046346
					},
					"minimum": 0.04960248,
					"firstQuartile": 27.9452915,
					"median": 64.03064,
					"medianCI": {
						"lower": 62.099987,
						"upper": 65.75713,
						"level": 95.0
					},
					"thirdQuartile": 125.696902,
					"maximum": 274.73755,
					"percentiles": {
						"lower": 11.1052656,
						"upper": 193.23640799999993,
						"level": 90.0
					},
					"iqr": {
						"iqr": 97.7516105,
						"q1MinusIQR": -118.68212425000002,
						"q3PlusIQR": 272.32431775
					},
					"range": 274.68794752,
					"geometricMean": 53.04739285386376,
					"geometricSD": 3.0589229891967133,
					"geometricMeanCI": {
						"lower": 51.87186254205348,
						"upper": 54.24956326391352,
						"level": 95.0
					},
					"harmonicMean": 20.84738348359609,
					"harmonicMeanCI": {
						"lower": 18.675975899745044,
						"upper": 23.590149348980045,
						"level": 95.0
					},
					"quadraticMean": 108.6567761638503,
					"quadraticMeanCI": {
						"lower": 107.11342143643894,
						"upper": 110.17851406159895,
						"level": 95.0
					}
				}
			},
			"381c1ea9-57ba-5872-aa82-1e3ff1018425": {
				"id": {
					"col": {
						"uid": "D8922C64-EE96-4244-ABE6-92616707233A",
						"title": "Red Light (Reverse)",
						"idx": 5
					}
				},
				"value": {
					"n": 5495,
					"sum": 393953.750632385,
					"mean": 71.69313023337307,
					"sd": 69.03968600839733,
					"meanSE": 0.9313543753832929,
					"meanCI": {
						"lower": 69.86730696129055,
						"upper": 73.51895350545558,
						"level": 95.0
					},
					"coeffOfVariation": 96.29888635586374,
					"skewness": 1.1103345899789283,
					"kurtosis": 0.12378641576214378,
					"qcLines": {
						"meanMinus3SD": -135.4259277918189,
						"meanMinus2SD": -66.38624178342158,
						"meanMinus1SD": 2.6534442249757433,
						"meanPlus1SD": 140.7328162417704,
						"meanPlus2SD": 209.77250225016772,
						"meanPlus3SD": 278.812188258565
					},
					"minimum": 0.049620725,
					"firstQuartile": 18.091148,
					"median": 43.304714,
					"medianCI": {
						"lower": 41.78618,
						"upper": 45.53343,
						"level": 95.0
					},
					"thirdQuartile": 110.11662,
					"maximum": 265.25558,
					"percentiles": {
						"lower": 7.6388918,
						"upper": 188.12456400000008,
						"level": 90.0
					},
					"iqr": {
						"iqr": 92.025472,
						"q1MinusIQR": -119.94706,
						"q3PlusIQR": 248.154828
					},
					"range": 265.205959275,
					"geometricMean": 40.27250501842647,
					"geometricSD": 3.357088874377758,
					"geometricMeanCI": {
						"lower": 39.003091610542036,
						"upper": 41.58323336657787,
						"level": 95.0
					},
					"harmonicMean": 16.286797383511264,
					"harmonicMeanCI": {
						"lower": 14.412860803652578,
						"upper": 18.72085191968853,
						"level": 95.0
					},
					"quadraticMean": 99.52645751670735,
					"quadraticMeanCI": {
						"lower": 97.39902019072083,
						"upper": 101.6093615644615,
						"level": 95.0
					}
				}
			},
			"d8655c30-1bc9-5f7a-8d7a-949e09e134b6": {
				"id": {
					"col": {
						"uid": "AB8BAF8F-53FB-4E52-8CAB-D32C884329E7",
						"title": "White Light (Forward)",
						"idx": 6
					}
				},
				"value": {
					"n": 25659,
					"sum": 1893374.36625261,
					"mean": 73.78987358247048,
					"sd": 57.26012486735137,
					"meanSE": 0.3574640959685988,
					"meanCI": {
						"lower": 73.08922377688461,
						"upper": 74.49052338805635,
						"level": 95.0
					},
					"coeffOfVariation": 77.59889275776465,
					"skewness": 0.9172405063761062,
					"kurtosis": -0.002831761913420827,
					"qcLines": {
						"meanMinus3SD": -97.99050101958363,
						"meanMinus2SD": -40.73037615223227,
						"meanMinus1SD": 16.529748715119105,
						"meanPlus1SD": 131.04999844982186,
						"meanPlus2SD": 188.31012331717324,
						"meanPlus3SD": 245.5702481845246
					},
					"minimum": 0.2368529,
					"firstQuartile": 27.492765,
					"median": 58.160915,
					"medianCI": {
						"lower": 57.339657,
						"upper": 59.052113,
						"level": 95.0
					},
					"thirdQuartile": 107.380585,
					"maximum": 239.36423,
					"percentiles": {
						"lower": 13.125874499999998,
						"upper": 162.6356,
						"level": 90.0
					},
					"iqr": {
						"iqr": 79.88782,
						"q1MinusIQR": -92.338965,
						"q3PlusIQR": 227.212315
					},
					"range": 239.1273771,
					"geometricMean": 50.625837637504155,
					"geometricSD": 2.6472026170637233,
					"geometricMeanCI": {
						"lower": 50.026358132696856,
						"upper": 51.23250086885279,
						"level": 95.0
					},
					"harmonicMean": 27.99593877958633,
					"harmonicMeanCI": {
						"lower": 27.292917520622925,
						"upper": 28.736134977909476,
						"level": 95.0
					},
					"quadraticMean": 93.39989059180824,
					"quadraticMeanCI": {
						"lower": 92.61132635335218,
						"upper": 94.18185258422344,
						"level": 95.0
					}
				}
			},
			"f994f56a-1246-5c63-818f-c9c3a3864a4a": {
				"id": {
					"col": {
						"uid": "6D3D8D5C-691E-4AF1-92D8-07665EA6B400",
						"title": "White Light (Reverse)",
						"idx": 7
					}
				},
				"value": {
					"n": 24044,
					"sum": 1557632.36547996,
					"mean": 64.78258049741973,
					"sd": 53.61870079706672,
					"meanSE": 0.34579039600449735,
					"meanCI": {
						"lower": 64.10480965496856,
						"upper": 65.4603513398709,
						"level": 95.0
					},
					"coeffOfVariation": 82.76715806219286,
					"skewness": 1.0530995192039954,
					"kurtosis": 0.19649635086710315,
					"qcLines": {
						"meanMinus3SD": -96.07352189378045,
						"meanMinus2SD": -42.454821096713715,
						"meanMinus1SD": 11.163879700353007,
						"meanPlus1SD": 118.40128129448645,
						"meanPlus2SD": 172.01998209155317,
						"meanPlus3SD": 225.6386828886199
					},
					"minimum": 0.264677,
					"firstQuartile": 22.737032499999998,
					"median": 47.645952,
					"medianCI": {
						"lower": 46.751007,
						"upper": 48.482925,
						"level": 95.0
					},
					"thirdQuartile": 93.24728625,
					"maximum": 217.81966,
					"percentiles": {
						"lower": 11.351799,
						"upper": 151.54041999999998,
						"level": 90.0
					},
					"iqr": {
						"iqr": 70.51025375,
						"q1MinusIQR": -83.02834812500001,
						"q3PlusIQR": 199.012666875
					},
					"range": 217.554983,
					"geometricMean": 43.333408294599025,
					"geometricSD": 2.685463366854536,
					"geometricMeanCI": {
						"lower": 42.795667242882686,
						"upper": 43.87790623217158,
						"level": 95.0
					},
					"harmonicMean": 24.201591971406454,
					"harmonicMeanCI": {
						"lower": 23.61336970773509,
						"upper": 24.819868803225038,
						"level": 95.0
					},
					"quadraticMean": 84.09297378540055,
					"quadraticMeanCI": {
						"lower": 83.30650439664716,
						"upper": 84.87215565399252,
						"level": 95.0
					}
				}
			}
		}
	}
}