{
	"@class": "DataSheet",
	"$id": "sheets/data_sheet/data_sheet.schema.json",
	"uid": "3457392A-4B97-4FE9-8A1F-6DFF57874421",
	"fenID": 11,
	"title": "Identify outliers of Greater 500 removed:Summary",
	"isCollapsed": true,
	"table": {
		"@class": "DataTable",
		"$id": "sheets/data_sheet/data_table/data_table.schema.json",
		"uid": "104E1294-FC3E-43BD-8BFF-62C8E3369D99",
		"format": "view",
		"dataFormat": "text",
		"rowTitlesDataSet": "7E3006D1-61EB-41FC-B286-1BBB6C0A1C5B",
		"dataSets": [
			"C1B1F79C-02CF-44CF-9801-6D184EF09A1A",
			"3AF57C65-FC2A-4F1D-A9BE-B52D0090956A",
			"B1CF0659-472B-4734-B2AF-1E9C1F0EC285",
			"D6BCFB57-6A6A-4BDB-890B-619950B15CF2",
			"4CB7AFE3-A2A7-44B9-A860-6B370F81082A",
			"A7E45713-CE2F-4B05-9EC3-E042129A4B8D",
			"BF948E2F-2AC1-41E7-8740-C141F66E7B86",
			"6B3EC26B-5972-40BF-A000-854433704ABA"
		]
	},
	"font": {
		"family": "Arial",
		"size": 10.0
	},
	"flags": [
		"ANALYSIS_VIEW"
	],
	"titleWidth": 48,
	"xSubColWidth": 48,
	"maxDataSets": 2048,
	"maxRow": 500000,
	"selectionRange": {
		"startCell": {
			"row": 0,
			"column": 0,
			"subcolumn": 0
		},
		"endCell": {
			"row": 0,
			"column": 0,
			"subcolumn": 0
		}
	},
	"anchorRow": 0,
	"anchorColumn": 0,
	"firstSubColumn": 0,
	"columnWidths": [
		{
			"number": 0,
			"width": 184.0
		},
		{
			"number": 1,
			"width": 183.0
		},
		{
			"number": 2,
			"width": 214.0
		},
		{
			"number": 3,
			"width": 213.0
		},
		{
			"number": 4,
			"width": 182.0
		},
		{
			"number": 5,
			"width": 181.0
		},
		{
			"number": 6,
			"width": 196.0
		},
		{
			"number": 7,
			"width": 195.0
		}
	],
	"rowTitlesWidth": 235,
	"subColumnTitleType": "default"
}