{
	"@class": "DataSheet",
	"$id": "sheets/data_sheet/data_sheet.schema.json",
	"uid": "6D02F314-7FAB-4BF7-A1D8-53DEB1E3CCFD",
	"fenID": 13,
	"title": "Descriptive statistics of Cleaned_ROUT1%",
	"isCollapsed": true,
	"table": {
		"@class": "DataTable",
		"$id": "sheets/data_sheet/data_table/data_table.schema.json",
		"uid": "E2ACBF2E-B472-40D1-92BE-A6569FADB351",
		"format": "view",
		"dataFormat": "text",
		"rowTitlesDataSet": "437A03D1-B9E1-4374-86C2-6CB1C505AD52",
		"dataSets": [
			"5FE5F66E-0FA0-4751-8152-6F4F9F5841CA",
			"A592282F-2720-4A1F-AB5A-03886ED12831",
			"2D64BD78-A3AB-4F5F-B2AE-8DA57B0A2973",
			"85115DD6-698F-4E8C-BA05-39904CE8894A",
			"A307E156-809F-47AD-BD67-C454AD14E863",
			"760F6B1F-D560-441F-8591-5DB66F78CFA4",
			"B45925BA-FF53-4275-9B15-E60500AC91DF",
			"18E3E0BD-9182-4A99-A748-A5246EFEEC8B"
		]
	},
	"font": {
		"family": "Arial",
		"size": 10.0
	},
	"flags": [
		"ANALYSIS_VIEW"
	],
	"titleWidth": 48,
	"xSubColWidth": 48,
	"maxDataSets": 2048,
	"maxRow": 500000,
	"selectionRange": {
		"startCell": {
			"row": 0,
			"column": 0,
			"subcolumn": 0
		},
		"endCell": {
			"row": 0,
			"column": 0,
			"subcolumn": 0
		}
	},
	"anchorRow": 0,
	"anchorColumn": 0,
	"firstSubColumn": 0,
	"columnWidths": [
		{
			"number": 0,
			"width": 184.0
		},
		{
			"number": 1,
			"width": 183.0
		},
		{
			"number": 2,
			"width": 214.0
		},
		{
			"number": 3,
			"width": 213.0
		},
		{
			"number": 4,
			"width": 182.0
		},
		{
			"number": 5,
			"width": 181.0
		},
		{
			"number": 6,
			"width": 196.0
		},
		{
			"number": 7,
			"width": 195.0
		}
	],
	"rowTitlesWidth": 290,
	"subColumnTitleType": "default"
}