{
	"@class": "DataSheet",
	"$id": "sheets/data_sheet/data_sheet.schema.json",
	"uid": "74124664-2056-488D-99D9-3133A38E0AF2",
	"fenID": 0,
	"title": "Greater 500 removed",
	"isCustomTitle": true,
	"table": {
		"@class": "DataTable",
		"$id": "sheets/data_sheet/data_table/data_table.schema.json",
		"uid": "309C0133-1528-4D0A-AE62-0503650C86B3",
		"format": "column",
		"dataFormat": "y_single",
		"dataSets": [
			"44F46AE5-66D2-4292-87B7-B5E9F8B581AB",
			"B7BD9296-3D7B-4DED-8555-E98C9BA29277",
			"F50770DF-408B-486A-B83B-A36BEC9D5EC3",
			"95EBD93B-E6FD-4939-8285-7044DB89E8D7",
			"AC63B8DC-33E1-4D86-B50A-E8ADD6C1D65D",
			"F84AA0F2-BC7E-4CEB-8386-830B28182002",
			"933ACF34-05B7-433F-9621-462F57299805",
			"05E9C7ED-379A-4C58-8E7B-A933CDCAE78F"
		]
	},
	"font": {
		"family": "Arial",
		"size": 10.0
	},
	"flags": [
		"HIDE_ROW_TITLES"
	],
	"titleWidth": 48,
	"xSubColWidth": 48,
	"maxDataSets": 2048,
	"maxRow": 500000,
	"selectionRange": {
		"startCell": {
			"row": 2,
			"column": 1,
			"subcolumn": 0
		},
		"endCell": {
			"row": 2,
			"column": 1,
			"subcolumn": 0
		}
	},
	"anchorRow": 0,
	"anchorColumn": 0,
	"firstSubColumn": 0,
	"userSetColumnWidth": true,
	"columnWidths": [
		{
			"number": 0,
			"width": 184.0
		},
		{
			"number": 1,
			"width": 183.0
		},
		{
			"number": 2,
			"width": 214.0
		},
		{
			"number": 3,
			"width": 213.0
		},
		{
			"number": 4,
			"width": 182.0
		},
		{
			"number": 5,
			"width": 181.0
		},
		{
			"number": 6,
			"width": 196.0
		},
		{
			"number": 7,
			"width": 195.0
		}
	],
	"rowTitlesWidth": 1,
	"subColumnTitleType": "default"
}