{
	"@class": "AnalysisResults",
	"$id": "analyses/identify_outliers/results.schema.json",
	"version": "0.0.0",
	"content": {
		"status": {
			"error": "VALID",
			"warning": []
		},
		"summary": {
			"method": "ROUT",
			"q": 1.0,
			"totalOutlierCount": 15854
		},
		"samples": {
			"88a87250-5b54-57c8-8d7d-acf1669499e9": {
				"id": {
					"col": {
						"uid": "44F46AE5-66D2-4292-87B7-B5E9F8B581AB",
						"title": "Blue Light (Forward)",
						"idx": 0
					}
				},
				"value": {
					"pointCount": 27594,
					"outlierCount": 1129
				}
			},
			"46e91e4a-3683-533d-ab56-0d4edfb91fe9": {
				"id": {
					"col": {
						"uid": "B7BD9296-3D7B-4DED-8555-E98C9BA29277",
						"title": "Blue Light (Reverse)",
						"idx": 1
					}
				},
				"value": {
					"pointCount": 14778,
					"outlierCount": 2293
				}
			},
			"ec90e880-9492-5d1e-bb6f-5c1b212f907d": {
				"id": {
					"col": {
						"uid": "F50770DF-408B-486A-B83B-A36BEC9D5EC3",
						"title": "Radio Waves (Forward)",
						"idx": 2
					}
				},
				"value": {
					"pointCount": 26933,
					"outlierCount": 3256
				}
			},
			"88e9c813-2050-5164-bcf8-71980b93351d": {
				"id": {
					"col": {
						"uid": "95EBD93B-E6FD-4939-8285-7044DB89E8D7",
						"title": "Radio Waves (Reverse)",
						"idx": 3
					}
				},
				"value": {
					"pointCount": 16974,
					"outlierCount": 2458
				}
			},
			"03c4584c-3a5a-52cd-a797-774ee0c47dc2": {
				"id": {
					"col": {
						"uid": "AC63B8DC-33E1-4D86-B50A-E8ADD6C1D65D",
						"title": "Red Light (Forward)",
						"idx": 4
					}
				},
				"value": {
					"pointCount": 10134,
					"outlierCount": 569
				}
			},
			"f493f560-2abf-5a65-94ae-993298017ce9": {
				"id": {
					"col": {
						"uid": "F84AA0F2-BC7E-4CEB-8386-830B28182002",
						"title": "Red Light (Reverse)",
						"idx": 5
					}
				},
				"value": {
					"pointCount": 6159,
					"outlierCount": 664
				}
			},
			"86a73815-0b5f-5771-b683-6468f8632740": {
				"id": {
					"col": {
						"uid": "933ACF34-05B7-433F-9621-462F57299805",
						"title": "White Light (Forward)",
						"idx": 6
					}
				},
				"value": {
					"pointCount": 27594,
					"outlierCount": 1935
				}
			},
			"bae50b72-3389-5141-bdd5-5a15dc26a005": {
				"id": {
					"col": {
						"uid": "05E9C7ED-379A-4C58-8E7B-A933CDCAE78F",
						"title": "White Light (Reverse)",
						"idx": 7
					}
				},
				"value": {
					"pointCount": 27594,
					"outlierCount": 3550
				}
			}
		}
	}
}