{
	"@class": "AnalysisSheet",
	"uid": "654E53F0-C97F-4928-B9CE-71F579DE14A6",
	"fenID": 5,
	"title": "Identify outliers of Greater 500 removed",
	"floatingNotes": [
		"08785E1E-2F47-4620-9B98-59D8AA0A7362"
	],
	"$id": "analyses/sheet.schema.json",
	"analysisClass": "IDENTIFY_OUTLIERS",
	"isAllDataAnalyzed": true,
	"isCalculated": true,
	"currentResultSheet": "E296CE70-69E5-44D1-932A-E45912BEEE97",
	"defaultResultSheet": "E296CE70-69E5-44D1-932A-E45912BEEE97",
	"preferredResultSheet": "80A38932-7A2A-4069-ADC7-CF232594993F",
	"minRequiredVersion": {
		"major": 6,
		"minor": 0,
		"subminor": 0,
		"build": 0
	},
	"resultSheets": [
		{
			"uid": "E296CE70-69E5-44D1-932A-E45912BEEE97",
			"title": "Cleaned data"
		},
		{
			"uid": "95FFA9C3-DE0B-42B2-8921-FCCA13E03BE1",
			"title": "Outliers"
		},
		{
			"uid": "80A38932-7A2A-4069-ADC7-CF232594993F",
			"title": "Summary"
		}
	],
	"inputDataSets": [
		{
			"uid": "44F46AE5-66D2-4292-87B7-B5E9F8B581AB",
			"title": "Blue Light (Forward)",
			"idx": "A"
		},
		{
			"uid": "B7BD9296-3D7B-4DED-8555-E98C9BA29277",
			"title": "Blue Light (Reverse)",
			"idx": "B"
		},
		{
			"uid": "F50770DF-408B-486A-B83B-A36BEC9D5EC3",
			"title": "Radio Waves (Forward)",
			"idx": "C"
		},
		{
			"uid": "95EBD93B-E6FD-4939-8285-7044DB89E8D7",
			"title": "Radio Waves (Reverse)",
			"idx": "D"
		},
		{
			"uid": "AC63B8DC-33E1-4D86-B50A-E8ADD6C1D65D",
			"title": "Red Light (Forward)",
			"idx": "E"
		},
		{
			"uid": "F84AA0F2-BC7E-4CEB-8386-830B28182002",
			"title": "Red Light (Reverse)",
			"idx": "F"
		},
		{
			"uid": "933ACF34-05B7-433F-9621-462F57299805",
			"title": "White Light (Forward)",
			"idx": "G"
		},
		{
			"uid": "05E9C7ED-379A-4C58-8E7B-A933CDCAE78F",
			"title": "White Light (Reverse)",
			"idx": "H"
		}
	],
	"inputSheets": [
		{
			"uid": "74124664-2056-488D-99D9-3133A38E0AF2",
			"title": "Greater 500 removed"
		}
	]
}