{
	"@class": "DataSheet",
	"$id": "sheets/data_sheet/data_sheet.schema.json",
	"uid": "C33DD5E7-73A4-45A3-9807-B014A5029777",
	"fenID": 15,
	"title": "Brown-Forsythe and Welch ANOVA tests of Cleaned_ROUT1%:Multiple comparisons",
	"isCollapsed": true,
	"table": {
		"@class": "DataTable",
		"$id": "sheets/data_sheet/data_table/data_table.schema.json",
		"uid": "88C52D9F-17DE-4FE9-B058-0992D0C0E9AA",
		"format": "view",
		"dataFormat": "text",
		"rowTitlesDataSet": "0EDF24B3-EA1C-4541-A612-9385D81496D7",
		"dataSets": [
			"4F268A1E-3FB1-4282-9929-C8B1685C185E",
			"19A427E1-6956-47FA-87A7-69003EF702AA",
			"599798F5-22ED-48AE-B945-169B3358BE82",
			"5B459270-86E5-463F-9AF4-396C15517FD5",
			"FE6A8F03-C583-43C5-A38F-8F023EB42D56",
			"C3F0848C-D966-4DBC-B6EF-D0D7DA5E219A",
			"6522BA67-C4FC-46E3-BD7B-E3E4DC6C455E",
			"D8079267-28B5-4B11-82C3-3FDBBF77776F"
		]
	},
	"font": {
		"family": "Arial",
		"size": 10.0
	},
	"flags": [
		"ANALYSIS_VIEW"
	],
	"titleWidth": 48,
	"xSubColWidth": 48,
	"maxDataSets": 2048,
	"maxRow": 500000,
	"selectionRange": {
		"startCell": {
			"row": 0,
			"column": 0,
			"subcolumn": 0
		},
		"endCell": {
			"row": 0,
			"column": 0,
			"subcolumn": 0
		}
	},
	"anchorRow": 0,
	"anchorColumn": 0,
	"firstSubColumn": 0,
	"columnWidths": [
		{
			"number": 0,
			"width": 136.0
		},
		{
			"number": 1,
			"width": 242.0
		},
		{
			"number": 2,
			"width": 216.0
		},
		{
			"number": 3,
			"width": 150.0
		},
		{
			"number": 4,
			"width": 216.0
		}
	],
	"rowTitlesWidth": 543,
	"subColumnTitleType": "default"
}