{
	"@class": "DataSheet",
	"$id": "sheets/data_sheet/data_sheet.schema.json",
	"uid": "401EEB3E-6B80-4703-B4C7-908B3108F857",
	"fenID": 14,
	"title": "Brown-Forsythe and Welch ANOVA tests of Cleaned_ROUT1%:ANOVA results",
	"isCollapsed": true,
	"table": {
		"@class": "DataTable",
		"$id": "sheets/data_sheet/data_table/data_table.schema.json",
		"uid": "4339DA8A-8729-4938-B5AE-6BB211FC8204",
		"format": "view",
		"dataFormat": "text",
		"rowTitlesDataSet": "2A2AF4F2-678F-4C4C-8D35-4429FB09C901",
		"dataSets": [
			"166DEA92-507F-4F78-9705-F3FA563D6DD8",
			"2C28C7B7-F7ED-45DE-8FA4-A5DD4A749493",
			"05A792DE-6935-4E5F-9D27-98433D5BDCEE",
			"828F52D0-F098-4E0C-AB7A-2EA023569C78",
			"5DDF808F-5DA4-48CB-98F5-E4ABE3A855C1"
		]
	},
	"font": {
		"family": "Arial",
		"size": 10.0
	},
	"flags": [
		"ANALYSIS_VIEW"
	],
	"titleWidth": 48,
	"xSubColWidth": 48,
	"maxDataSets": 2048,
	"maxRow": 500000,
	"selectionRange": {
		"startCell": {
			"row": 15,
			"column": 1,
			"subcolumn": 0
		},
		"endCell": {
			"row": 15,
			"column": 1,
			"subcolumn": 0
		}
	},
	"anchorRow": 0,
	"anchorColumn": 0,
	"firstSubColumn": 0,
	"columnWidths": [
		{
			"number": 0,
			"width": 213.0
		}
	],
	"rowTitlesWidth": 477,
	"subColumnTitleType": "default"
}