{
	"@class": "DataSheet",
	"$id": "sheets/data_sheet/data_sheet.schema.json",
	"uid": "62CB6F8E-F64D-46EC-9245-96EE1EC3CA00",
	"fenID": 12,
	"title": "Cleaned_ROUT1%",
	"isCustomTitle": true,
	"table": {
		"@class": "DataTable",
		"$id": "sheets/data_sheet/data_table/data_table.schema.json",
		"uid": "FDD403DE-D5C6-4A39-8302-228359B4FC4C",
		"format": "column",
		"dataFormat": "y_single",
		"dataSets": [
			"7FB5898D-BB12-41A8-A09B-1D5EC7C992EA",
			"6A9D8CF9-E936-496F-BE83-565AC7708613",
			"D76BA300-24BB-489A-92CE-4AB154A59773",
			"9EF24FB2-3C7D-4EA9-ABCD-E04B76BF0ED2",
			"E4CA235E-3E39-4B09-B3DA-D60453CE9C2B",
			"D8922C64-EE96-4244-ABE6-92616707233A",
			"AB8BAF8F-53FB-4E52-8CAB-D32C884329E7",
			"6D3D8D5C-691E-4AF1-92D8-07665EA6B400"
		]
	},
	"font": {
		"family": "Arial",
		"size": 10.0
	},
	"flags": [
		"HIDE_ROW_TITLES"
	],
	"titleWidth": 48,
	"xSubColWidth": 48,
	"maxDataSets": 2048,
	"maxRow": 500000,
	"selectionRange": {
		"startCell": {
			"row": 9,
			"column": 8,
			"subcolumn": 0
		},
		"endCell": {
			"row": 9,
			"column": 8,
			"subcolumn": 0
		}
	},
	"anchorRow": 0,
	"anchorColumn": 0,
	"firstSubColumn": 0,
	"columnWidths": [
		{
			"number": 0,
			"width": 184.0
		},
		{
			"number": 1,
			"width": 183.0
		},
		{
			"number": 2,
			"width": 214.0
		},
		{
			"number": 3,
			"width": 213.0
		},
		{
			"number": 4,
			"width": 182.0
		},
		{
			"number": 5,
			"width": 181.0
		},
		{
			"number": 6,
			"width": 196.0
		},
		{
			"number": 7,
			"width": 195.0
		}
	],
	"rowTitlesWidth": 1,
	"subColumnTitleType": "default",
	"pairwiseComparisonsDataUid": "79F9911A-D139-4D83-9C27-B71B1CB1B573"
}