{
	"@class": "DataSheet",
	"$id": "sheets/data_sheet/data_sheet.schema.json",
	"uid": "AF645523-B0FC-40CF-969F-6706C68D5655",
	"fenID": 10,
	"title": "Identify outliers of Greater 500 removed:Outliers",
	"isCollapsed": true,
	"table": {
		"@class": "DataTable",
		"$id": "sheets/data_sheet/data_table/data_table.schema.json",
		"uid": "D213EC10-EF61-4C28-916D-7075A971EDBE",
		"format": "view",
		"dataFormat": "y_single",
		"rowTitlesDataSet": "65320314-3BC6-4ACC-B9E3-5E0117AF485A",
		"dataSets": [
			"227E38CF-CEC2-4821-9EDC-C6E4226FF01B",
			"96A81781-801E-4908-8AF6-719A95184EFF",
			"C64C94F0-9BDD-4A3E-B3D4-CD58A7CE287A",
			"B95BBCFB-F80F-47D3-A847-50D49B9ECB19",
			"A0F27B8E-B09C-4FD1-8324-8B731E1ECDB3",
			"9610B71B-7D53-4CAD-BE76-6BBD8D49442B",
			"86C4E153-034D-4E02-A265-F4B288AEE8E7",
			"1D4EB321-5C8A-486D-B563-54B05398F957"
		]
	},
	"font": {
		"family": "Arial",
		"size": 10.0
	},
	"flags": [
		"ANALYSIS_VIEW"
	],
	"titleWidth": 48,
	"xSubColWidth": 48,
	"maxDataSets": 2048,
	"maxRow": 500000,
	"selectionRange": {
		"startCell": {
			"row": 0,
			"column": 0,
			"subcolumn": 0
		},
		"endCell": {
			"row": 0,
			"column": 0,
			"subcolumn": 0
		}
	},
	"anchorRow": 0,
	"anchorColumn": 0,
	"firstSubColumn": 0,
	"columnWidths": [
		{
			"number": 0,
			"width": 184.0
		},
		{
			"number": 1,
			"width": 183.0
		},
		{
			"number": 2,
			"width": 214.0
		},
		{
			"number": 3,
			"width": 213.0
		},
		{
			"number": 4,
			"width": 182.0
		},
		{
			"number": 5,
			"width": 181.0
		},
		{
			"number": 6,
			"width": 196.0
		},
		{
			"number": 7,
			"width": 195.0
		}
	],
	"rowTitlesWidth": 125,
	"subColumnTitleType": "default"
}