{
	"@class": "FENGraphSheet",
	"$id": "sheets/graph_sheet.schema.json",
	"uid": "66B80492-3FF9-49C1-8E0D-8DC3499EEBA8",
	"fenID": 14,
	"title": "Cleaned_ROUT1%",
	"inputDataSets": [
		"AB8BAF8F-53FB-4E52-8CAB-D32C884329E7",
		"7FB5898D-BB12-41A8-A09B-1D5EC7C992EA",
		"D76BA300-24BB-489A-92CE-4AB154A59773",
		"E4CA235E-3E39-4B09-B3DA-D60453CE9C2B",
		"6D3D8D5C-691E-4AF1-92D8-07665EA6B400",
		"6A9D8CF9-E936-496F-BE83-565AC7708613",
		"9EF24FB2-3C7D-4EA9-ABCD-E04B76BF0ED2",
		"D8922C64-EE96-4244-ABE6-92616707233A"
	]
}