{
	"@class": "Document",
	"$id": "document.schema.json",
	"creationDate": "2024-12-18T00:00:00Z",
	"modificationDate": "2025-08-21T00:19:50Z",
	"createdBy": {
		"name": "Prism",
		"user": "kschm",
		"version": "10.2.2.397",
		"platform": "Win"
	},
	"modifiedBy": {
		"name": "Prism",
		"user": "kls3969",
		"version": "10.5.0.774",
		"platform": "Win"
	},
	"formatVersion": "1-5-0",
	"minFormatVersion": "1-4-0",
	"minPrismVersion": "10.3.0",
	"compatibility": [
		{
			"formatVersion": "1-0-0",
			"action": "warningOpen"
		}
	],
	"sheets": {
		"graphs": [
			"66B80492-3FF9-49C1-8E0D-8DC3499EEBA8"
		],
		"analyses": [
			"654E53F0-C97F-4928-B9CE-71F579DE14A6",
			"FB1C54B9-8A57-4F08-9698-6077BF99E199",
			"23AAE4AF-B61E-4F59-8352-D9749EFBEE34"
		],
		"data": [
			"74124664-2056-488D-99D9-3133A38E0AF2",
			"62CB6F8E-F64D-46EC-9245-96EE1EC3CA00"
		]
	},
	"uiSettings": {
		"currentSheetType": "Graph",
		"viewMode": "sheet",
		"galleryScaleFactor": 100,
		"nextDataSheetNumber": 3,
		"printer": {
			"defaultPaperSize": {
				"width": 8.5,
				"height": 11.0
			},
			"deviceName": "",
			"driverVersion": 0,
			"specVersion": 0,
			"driverExtra": 0
		},
		"navigator": {
			"width": 240,
			"collapsedFolders": {
				"data": false,
				"info": false,
				"analyses": false,
				"graphs": false,
				"layouts": false,
				"dataAndAnalyses": false,
				"search": false,
				"family": false
			}
		},
		"currentSheets": {
			"data": "62CB6F8E-F64D-46EC-9245-96EE1EC3CA00",
			"analysis": "23AAE4AF-B61E-4F59-8352-D9749EFBEE34",
			"graph": "66B80492-3FF9-49C1-8E0D-8DC3499EEBA8"
		}
	},
	"customColors": [
		"#ffffffff",
		"#ffffffff",
		"#ffffffff",
		"#ffffffff",
		"#ffffffff",
		"#ffffffff",
		"#ffffffff",
		"#ffffffff",
		"#ffffffff",
		"#ffffffff",
		"#ffffffff",
		"#ffffffff",
		"#ffffffff",
		"#ffffffff",
		"#ffffffff",
		"#ffffffff"
	],
	"sheetAttributesMap": {
		"654E53F0-C97F-4928-B9CE-71F579DE14A6": {
			"title": "Identify outliers of Greater 500 removed"
		},
		"FB1C54B9-8A57-4F08-9698-6077BF99E199": {
			"title": "Descriptive statistics of Cleaned_ROUT1%"
		},
		"74124664-2056-488D-99D9-3133A38E0AF2": {
			"title": "Greater 500 removed"
		},
		"62CB6F8E-F64D-46EC-9245-96EE1EC3CA00": {
			"title": "Cleaned_ROUT1%"
		},
		"23AAE4AF-B61E-4F59-8352-D9749EFBEE34": {
			"title": "Brown-Forsythe and Welch ANOVA tests of Cleaned_ROUT1%"
		},
		"66B80492-3FF9-49C1-8E0D-8DC3499EEBA8": {
			"title": "Cleaned_ROUT1%"
		}
	}
}