{
	"@class": "DataSet",
	"$id": "sheets/data_sheet/data_table/data_set.schema.json",
	"uid": "166DEA92-507F-4F78-9705-F3FA563D6DD8",
	"fenID": 127,
	"format": "text",
	"attributes": [
		"DS_ATTR_Y"
	],
	"replicates": [
		{
			"@class": "DriverReplicate",
			"valueType": "string",
			"commonAttributes": [
				"NUMERIC"
			],
			"decimalsLength": 15,
			"significantDigitsCount": 7,
			"cellAlignments": [
				{
					"rows": "0",
					"attributes": "left"
				},
				{
					"rows": "3~6",
					"attributes": "left"
				},
				{
					"rows": "9~12",
					"attributes": "left"
				},
				{
					"rows": "15~16",
					"attributes": "left"
				}
			],
			"lastRow": 16,
			"firstRow": 0
		}
	]
}