{
	"@class": "DataSet",
	"$id": "sheets/data_sheet/data_table/data_set.schema.json",
	"uid": "2A2AF4F2-678F-4C4C-8D35-4429FB09C901",
	"fenID": 126,
	"format": "text",
	"attributes": [
		"DS_ATTR_RT"
	],
	"replicates": [
		{
			"@class": "DriverReplicate",
			"valueType": "string",
			"commonAttributes": [
				"NUMERIC"
			],
			"decimalsLength": 15,
			"significantDigitsCount": 7,
			"cellAlignments": [
				{
					"rows": "0",
					"attributes": "left"
				},
				{
					"rows": "2~6",
					"attributes": "left"
				},
				{
					"rows": "8~12",
					"attributes": "left"
				},
				{
					"rows": "14~16",
					"attributes": "left"
				}
			],
			"cellAttributes": [
				{
					"rows": "2",
					"attributes": [
						"SECTION_TITLE"
					]
				},
				{
					"rows": "8",
					"attributes": [
						"SECTION_TITLE"
					]
				},
				{
					"rows": "14",
					"attributes": [
						"SECTION_TITLE"
					]
				}
			],
			"lastRow": 16,
			"firstRow": 0
		}
	]
}