{
	"@class": "DataSet",
	"$id": "sheets/data_sheet/data_table/data_set.schema.json",
	"uid": "4CB7AFE3-A2A7-44B9-A860-6B370F81082A",
	"fenID": 105,
	"format": "text",
	"title": "Red Light (Forward)",
	"attributes": [
		"DS_ATTR_Y"
	],
	"replicates": [
		{
			"@class": "DriverReplicate",
			"valueType": "string",
			"commonAttributes": [
				"NUMERIC"
			],
			"decimalsLength": 15,
			"significantDigitsCount": 7,
			"cellAlignments": [
				{
					"rows": "4~5",
					"attributes": "left"
				}
			],
			"lastRow": 5,
			"firstRow": 4
		}
	]
}