{
	"@class": "DataSet",
	"$id": "sheets/data_sheet/data_table/data_set.schema.json",
	"uid": "599798F5-22ED-48AE-B945-169B3358BE82",
	"fenID": 141,
	"format": "text",
	"attributes": [
		"DS_ATTR_Y"
	],
	"replicates": [
		{
			"@class": "DriverReplicate",
			"valueType": "string",
			"commonAttributes": [
				"NUMERIC"
			],
			"decimalsLength": 15,
			"significantDigitsCount": 7,
			"cellAlignments": [
				{
					"rows": "4~5",
					"attributes": "left"
				},
				{
					"rows": "7~8",
					"attributes": "left"
				}
			],
			"cellAttributes": [
				{
					"rows": "4",
					"attributes": [
						"SECTION_TITLE"
					]
				},
				{
					"rows": "7",
					"attributes": [
						"SECTION_TITLE"
					]
				}
			],
			"lastRow": 8,
			"firstRow": 4
		}
	]
}