{
	"@class": "DataSet",
	"$id": "sheets/data_sheet/data_table/data_set.schema.json",
	"uid": "6522BA67-C4FC-46E3-BD7B-E3E4DC6C455E",
	"fenID": 145,
	"format": "text",
	"attributes": [
		"DS_ATTR_Y"
	],
	"replicates": [
		{
			"@class": "DriverReplicate",
			"valueType": "string",
			"commonAttributes": [
				"NUMERIC"
			],
			"decimalsLength": 15,
			"significantDigitsCount": 7,
			"cellAlignments": [
				{
					"rows": "7~8",
					"attributes": "left"
				}
			],
			"cellAttributes": [
				{
					"rows": "7",
					"attributes": [
						"SECTION_TITLE"
					]
				}
			],
			"lastRow": 8,
			"firstRow": 7
		}
	]
}