{
	"@class": "DataSet",
	"$id": "sheets/data_sheet/data_table/data_set.schema.json",
	"uid": "65320314-3BC6-4ACC-B9E3-5E0117AF485A",
	"fenID": 91,
	"format": "text",
	"attributes": [
		"DS_ATTR_RT"
	],
	"replicates": [
		{
			"@class": "DriverReplicate",
			"valueType": "string",
			"commonAttributes": [
				"NUMERIC"
			],
			"decimalsLength": 15,
			"significantDigitsCount": 7,
			"cellAlignments": [
				{
					"rows": "0~15853",
					"attributes": "left"
				}
			],
			"lastRow": 15853,
			"firstRow": 0
		}
	]
}