{
	"@class": "DataSet",
	"$id": "sheets/data_sheet/data_table/data_set.schema.json",
	"uid": "6B3EC26B-5972-40BF-A000-854433704ABA",
	"fenID": 108,
	"format": "text",
	"title": "White Light (Reverse)",
	"attributes": [
		"DS_ATTR_Y"
	],
	"replicates": [
		{
			"@class": "DriverReplicate",
			"valueType": "string",
			"commonAttributes": [
				"NUMERIC"
			],
			"decimalsLength": 15,
			"significantDigitsCount": 7,
			"cellAlignments": [
				{
					"rows": "4~5",
					"attributes": "left"
				}
			],
			"lastRow": 5,
			"firstRow": 4
		}
	]
}