{
	"@class": "DataSet",
	"$id": "sheets/data_sheet/data_table/data_set.schema.json",
	"uid": "7E3006D1-61EB-41FC-B286-1BBB6C0A1C5B",
	"fenID": 100,
	"format": "text",
	"attributes": [
		"DS_ATTR_RT"
	],
	"replicates": [
		{
			"@class": "DriverReplicate",
			"valueType": "string",
			"commonAttributes": [
				"NUMERIC"
			],
			"decimalsLength": 15,
			"significantDigitsCount": 7,
			"cellAlignments": [
				{
					"rows": "0~1",
					"attributes": "left"
				},
				{
					"rows": "3~5",
					"attributes": "left"
				}
			],
			"cellAttributes": [
				{
					"rows": "0",
					"attributes": [
						"SECTION_TITLE"
					]
				},
				{
					"rows": "3",
					"attributes": [
						"SECTION_TITLE"
					]
				}
			],
			"lastRow": 5,
			"firstRow": 0
		}
	]
}