{
	"@class": "DataSet",
	"$id": "sheets/data_sheet/data_table/data_set.schema.json",
	"uid": "A592282F-2720-4A1F-AB5A-03886ED12831",
	"fenID": 119,
	"format": "text",
	"title": "Blue Light (Reverse)",
	"attributes": [
		"DS_ATTR_Y"
	],
	"replicates": [
		{
			"@class": "DriverReplicate",
			"valueType": "string",
			"commonAttributes": [
				"NUMERIC"
			],
			"decimalsLength": 15,
			"significantDigitsCount": 7,
			"cellAlignments": [
				{
					"rows": "0",
					"attributes": "left"
				},
				{
					"rows": "2~7",
					"attributes": "left"
				},
				{
					"rows": "9~10",
					"attributes": "left"
				},
				{
					"rows": "13~15",
					"attributes": "left"
				},
				{
					"rows": "17~19",
					"attributes": "left"
				},
				{
					"rows": "21~22",
					"attributes": "left"
				},
				{
					"rows": "24",
					"attributes": "left"
				},
				{
					"rows": "26~27",
					"attributes": "left"
				},
				{
					"rows": "29~30",
					"attributes": "left"
				},
				{
					"rows": "32",
					"attributes": "left"
				},
				{
					"rows": "34~35",
					"attributes": "left"
				},
				{
					"rows": "37",
					"attributes": "left"
				},
				{
					"rows": "39~40",
					"attributes": "left"
				},
				{
					"rows": "42~43",
					"attributes": "left"
				},
				{
					"rows": "45",
					"attributes": "left"
				}
			],
			"lastRow": 45,
			"firstRow": 0
		}
	]
}