{
	"@class": "DataSet",
	"$id": "sheets/data_sheet/data_table/data_set.schema.json",
	"uid": "A7E45713-CE2F-4B05-9EC3-E042129A4B8D",
	"fenID": 106,
	"format": "text",
	"title": "Red Light (Reverse)",
	"attributes": [
		"DS_ATTR_Y"
	],
	"replicates": [
		{
			"@class": "DriverReplicate",
			"valueType": "string",
			"commonAttributes": [
				"NUMERIC"
			],
			"decimalsLength": 15,
			"significantDigitsCount": 7,
			"cellAlignments": [
				{
					"rows": "4~5",
					"attributes": "left"
				}
			],
			"lastRow": 5,
			"firstRow": 4
		}
	]
}