{
	"@class": "DataSet",
	"$id": "sheets/data_sheet/data_table/data_set.schema.json",
	"uid": "B1CF0659-472B-4734-B2AF-1E9C1F0EC285",
	"fenID": 103,
	"format": "text",
	"title": "Radio Waves (Forward)",
	"attributes": [
		"DS_ATTR_Y"
	],
	"replicates": [
		{
			"@class": "DriverReplicate",
			"valueType": "string",
			"commonAttributes": [
				"NUMERIC"
			],
			"decimalsLength": 15,
			"significantDigitsCount": 7,
			"cellAlignments": [
				{
					"rows": "4~5",
					"attributes": "left"
				}
			],
			"lastRow": 5,
			"firstRow": 4
		}
	]
}