{
	"@class": "DataSet",
	"$id": "sheets/data_sheet/data_table/data_set.schema.json",
	"uid": "C1B1F79C-02CF-44CF-9801-6D184EF09A1A",
	"fenID": 101,
	"format": "text",
	"title": "Blue Light (Forward)",
	"attributes": [
		"DS_ATTR_Y"
	],
	"replicates": [
		{
			"@class": "DriverReplicate",
			"valueType": "string",
			"commonAttributes": [
				"NUMERIC"
			],
			"decimalsLength": 15,
			"significantDigitsCount": 7,
			"cellAlignments": [
				{
					"rows": "4~5",
					"attributes": "left"
				}
			],
			"lastRow": 5,
			"firstRow": 4
		}
	]
}