{
	"@class": "DataSet",
	"$id": "sheets/data_sheet/data_table/data_set.schema.json",
	"uid": "C3F0848C-D966-4DBC-B6EF-D0D7DA5E219A",
	"fenID": 144,
	"format": "text",
	"attributes": [
		"DS_ATTR_Y"
	],
	"replicates": [
		{
			"@class": "DriverReplicate",
			"valueType": "string",
			"commonAttributes": [
				"NUMERIC"
			],
			"decimalsLength": 15,
			"significantDigitsCount": 7,
			"cellAlignments": [
				{
					"rows": "5",
					"attributes": "left"
				},
				{
					"rows": "7~8",
					"attributes": "left"
				}
			],
			"cellAttributes": [
				{
					"rows": "7",
					"attributes": [
						"SECTION_TITLE"
					]
				}
			],
			"lastRow": 8,
			"firstRow": 5
		}
	]
}